key,en,sk
ui.main_menu.start_button.text,Start,Začať
ui.options.button.text,Options,Nastavenia
ui.main_menu.exit_button.text,Quit,Ukončiť
ui.level_select.label.text,Go to Town,Ísť do mesta
ui.level_select.pigeon_icon.tooltip,You,Ty
ui.level_select.hint.text,Click,Klikni
ui.pause.title.text,Paused,Pauza
ui.pause.resume_button.text,Resume,Pokračovať
ui.pause.exit_button.text,Exit to menu,Späť do menu
ui.pause.achievements_label.text,Achievements,Úspechy
ui.pause.warning.text,"There's no save system.
Exiting loses all progress.","Táto hra nemá ukladanie.
Odchodom stratíš všetok postup."
ui.options.title.text,Options,Nastavenia
ui.options.language_label.text,Language,Jazyk
ui.options.language.english,English,Angličtina
ui.options.language.slovak,Slovak,Slovenčina
ui.options.close_button.text,Close,Zavrieť
ui.interaction_hint.label.text,Talk,Hovoriť
dialogue.dialogue_ending.say_1.text,Huh. That was... all of it.,Hm. Tak to bolo... všetko.
dialogue.dialogue_ending.say_2.text,"A [color=#a8554c]prophet[/color], a [color=#a8554c]knight[/color], a [color=#a8554c]ghost whisperer[/color], and a [color=#a8554c]friend[/color]. Not bad for one afternoon.","[color=#a8554c]Prorok[/color], [color=#a8554c]rytier[/color], [color=#a8554c]šepkár s duchmi[/color] a [color=#a8554c]priateľ[/color]. Na jedno popoludnie celkom slušné."
dialogue.dialogue_ending.say_3.text,I don't think there's anything left to uncover here. Just the mud and the memories.,"Nemyslím si, že je tu ešte čo odhaliť. Len blato a spomienky."
dialogue.dialogue_ending.say_4.text,"But hey. If you want to keep waddling around, I'm not stopping you.","Ale hej. Ak sa tu chceš ešte chvíľu kolísať, nebudem ti brániť."
dialogue.dialogue_ending.say_5.text,Thank you for playing. [i]SERIOUSLY[/i]. You're pretty great.,"Ďakujem, že si hral alebo hrala. [i]NAOZAJ[/i]. Si super."
dialogue.dialogue_ending.say_6.text,"Now if you'll excuse me, I think I saw some [color=#a8554c]breadcrumbs[/color] [color=#6b8e5e]by the well[/color].","Teraz ma ospravedlň, myslím, že som [color=#6b8e5e]pri studni[/color] zazrel nejaké [color=#a8554c]omrvinky[/color]."
dialogue.dialogue_intro.say_1.text,"A [color=#6b8e5e]town[/color]. Proper little place too. Press [color=#4c7ea8]E[/color], [color=#4c7ea8]Space[/color], or [color=#4c7ea8]Enter[/color] to keep me talking a moment longer.","[color=#6b8e5e]Mesto[/color]. Celkom poriadne malé miesto. Stlač [color=#4c7ea8]E[/color], [color=#4c7ea8]medzerník[/color] alebo [color=#4c7ea8]Enter[/color], ak ma chceš nechať hovoriť o chvíľu dlhšie."
dialogue.dialogue_intro.say_2.text,"When I stop talking, [color=#4c7ea8]WASD[/color] or the [color=#4c7ea8]arrow keys[/color] make me move.","Keď prestanem hovoriť, pohybujem sa cez [color=#4c7ea8]WASD[/color] alebo [color=#4c7ea8]šípky[/color]."
dialogue.dialogue_intro.say_3.text,"Same buttons talk to the local townfolk, if any seem worth bothering.","Tými istými tlačidlami sa rozprávaš s miestnymi dedinčanmi, ak sa vôbec niekto oplatí otravovať."
dialogue.dialogue_intro.say_4.text,Looks quiet. Muddy too. Promising.,Vyzerá to tu ticho. A blatisto. Sľubné.
dialogue.dialogue_intro.say_5.text,Alright then. Let's see who lives here.,"Dobre teda. Pozrime sa, kto tu žije."
dialogue.dialogue_intro.say_6.text,"And if they have [color=#a8554c]breadcrumbs[/color], even better.","A ak majú [color=#a8554c]omrvinky[/color], tak ešte lepšie."
dialogue.folk_cedric.say_return.text,Pigs are still pigs. Fed 'em already. No news.,Prasce sú stále prasce. Už som ich nakŕmil. Nič nové.
dialogue.folk_cedric.say_greet.text,"What're you doing here? This is a [color=#6b8e5e]pig pen[/color], not a bird bath.","Čo tu robíš? Toto je [color=#6b8e5e]chliev[/color], nie vtáčia kúpeľ."
dialogue.folk_cedric.say_pigeon.text,I was just saying hello to the pigs.,Len som zdravil prasatá.
dialogue.folk_cedric.say_reply.text,Saying hello to the... You can [i]TALK[/i] to 'em?,Zdravil si... Ty sa s nimi vieš [i]ROZPRÁVAŤ[/i]?
dialogue.folk_cedric.say_pigs.text,Good luck with that lot. The big one thinks he's a [color=#a8554c]KING[/color]. The gloomy one mutters about fences. And the wee digger keeps sneaking off toward the [color=#6b8e5e]graveyard[/color].,"Veľa šťastia s tou partiou. Ten veľký si myslí, že je [color=#a8554c]KRÁĽ[/color]. Ten zachmúrený mrmlá o plotoch. A ten malý hrabáč sa stále zakráda smerom ku [color=#6b8e5e]cintorínu[/color]."
dialogue.folk_cedric.say_complaint.text,Ten years slopping those troughs. Not once has any of 'em said thank you.,Desať rokov im lejem do válov. Ani raz mi žiaden z nich nepoďakoval.
dialogue.folk_edmund.say_return.text,"Oh, you again. Still dry, are you? Must be nice having feathers.","Ach, zasa ty. Stále si v suchu? Musí byť fajn mať perie."
dialogue.folk_edmund.say_greet.text,Another mouth to feed. Or beak. Whatever you've got there.,Ďalšie ústa na kŕmenie. Alebo zobák. Čokoľvek to máš.
dialogue.folk_edmund.say_pigeon.text,I'm just passing through.,Len tadiaľto prechádzam.
dialogue.folk_edmund.say_reply.text,That's what everyone says. Then they stay. And then they need [color=#a8554c]clean linens[/color]. And guess who washes them?,"To hovorí každý. Potom zostanú. A potom potrebujú [color=#a8554c]čisté plachty[/color]. A hádaj, kto ich perie?"
dialogue.folk_edmund.say_guess.text,"Me. It's always me. The mud here never dries. I wash a sheet, I turn around, it's filthy again. I think the mud is alive.","Ja. Vždy ja. Blato tu nikdy nevyschne. Operiem plachtu, otočím sa a už je znova špinavá. Myslím, že to blato žije."
dialogue.folk_gilbert.say_return.text,"Nothing new to report. Well, [color=#8a6ca8]Bertram[/color] burned his stew again. But that happens every day.","Nič nové na hlásenie. Teda, [color=#8a6ca8]Bertram[/color] si zase pripálil guláš. Ale to sa deje každý deň."
dialogue.folk_gilbert.say_greet.text,[i]PSST.[/i] You didn't hear this from me. But old [color=#8a6ca8]Agnes[/color]? [color=#6b8e5e]By the well[/color]? She talks to it. [color=#6b8e5e]The well[/color]. Like it's a person.,"[i]PŠT.[/i] Toto odo mňa nemáš. Ale stará [color=#8a6ca8]Agnes[/color]? [color=#6b8e5e]Pri studni[/color]? Rozpráva sa s ňou. So [color=#6b8e5e]studňou[/color]. Akoby to bol človek."
dialogue.folk_gilbert.say_pigeon.text,Maybe [color=#6b8e5e]the well[/color] talks back.,Možno jej [color=#6b8e5e]studňa[/color] odpovedá.
dialogue.folk_gilbert.say_reply.text,[shake rate=30.0 level=20]DON'T EVEN JOKE ABOUT THAT![/shake] This village has enough problems. [color=#8a6ca8]Father Cuthbert[/color] thinks everything is a [color=#a8554c]sign from God[/color]. Even puddles.,"[shake rate=30.0 level=20]ANI O TOM NEŽARTUJ![/shake] Táto dedina má problémov dosť. [color=#8a6ca8]Otec Cuthbert[/color] si myslí, že všetko je [color=#a8554c]znamenie od Boha[/color]. Dokonca aj mláky."
dialogue.folk_gilbert.say_gossip.text,And now there's a talking pigeon walking around. He'll have a field day with this one.,A teraz sa tu ešte premáva hovoriaci holub. Z tohto bude mať hotové hody.
dialogue.folk_hugh.say_return.text,"Hmm? Oh. You again. Sorry, I was... resting my eyes.","Hm? Ach. Zasa ty. Prepáč, ja som si len... odpočíval oči."
dialogue.folk_hugh.say_greet.text,...Oh. A bird. Haven't seen one up close in a while. Or maybe I have. I fall asleep a lot.,...Ach. Vták. Už som nejakého dlho nevidel zblízka. Alebo možno videl. Veľa zaspávam.
dialogue.folk_hugh.say_pigeon.text,Sounds like a good life.,To znie ako dobrý život.
dialogue.folk_hugh.say_reply.text,"It would be, if those [color=#a8554c]church bells[/color] didn't ring every hour. [color=#8a6ca8]Father Cuthbert[/color] loves those bells. The rest of us do not.","Aj by bol, nebyť tých [color=#a8554c]kostolných zvonov[/color], čo zvonia každú hodinu. [color=#8a6ca8]Otec Cuthbert[/color] tie zvony miluje. My ostatní nie."
dialogue.folk_hugh.say_sleep.text,I just want to nap in peace. Is that too much to ask? ...What were we talking about? I dozed off.,Ja si chcem len v pokoji zdriemnuť. Je to až tak veľa? ...O čom sme sa to bavili? Zaspal som.
dialogue.folk_walter.say_return.text,"Still no crows on you, I see. Good. Good. Can't trust birds. No offense.","Stále na sebe nemáš vrany, vidím. Dobre. Dobre. Vtákom sa nedá veriť. Bez urážky."
dialogue.folk_walter.say_greet.text,"Don't step on my turnips! I've been growing those for... well, a long time. I lost count.","Nestúpaj mi na repy! Pestujem ich už... nuž, dlho. Prestal som to rátať."
dialogue.folk_walter.say_pigeon.text,I'm not stepping on anything.,Na nič nestúpam.
dialogue.folk_walter.say_reply.text,Good. [i]GOOD.[/i] The crows already took half of them. And that scarecrow over [color=#6b8e5e]in the field[/color]? [color=#8a6ca8]Cornelius[/color]? Just stands there! Smiling!,"Dobre. [i]DOBRE.[/i] Vrany mi už zožrali polovicu. A ten strašiak [color=#6b8e5e]na poli[/color]? [color=#8a6ca8]Cornelius[/color]? Len tam stojí! A usmieva sa!"
dialogue.folk_walter.say_rant.text,I swear the crows land [i]ON[/i] him sometimes. On purpose. Like they're friends.,"Prisahám, tie vrany naňho občas pristávajú [i]PRIAMO[/i]. Naschvál. Akoby sa kamarátili."
dialogue.ghost_jeff.say_return_short.text,Oh. You again. ...Still not dead.,Ach. Zasa ty. ...Stále nie si mŕtvy.
dialogue.ghost_jeff.say_return.text,"You're back. Bold choice, visiting a [color=#6b8e5e]graveyard[/color] twice.","Si späť. Odvážna voľba, ísť na [color=#6b8e5e]cintorín[/color] druhý raz."
dialogue.ghost_jeff.say_pigeon_back.text,I like the quiet.,Mám rád ticho.
dialogue.ghost_jeff.say_quiet.text,You'll fit right in. It's very quiet here. Except when [color=#8a6ca8]Mildred[/color] is practicing her screaming.,"Sem zapadneš. Je tu veľmi ticho. Teda okrem chvíľ, keď [color=#8a6ca8]Mildred[/color] trénuje svoj krik."
dialogue.ghost_jeff.say_prophet_short.text,Still propheting? Or whatever it is you do.,Stále prorokuješ? Alebo čo to vlastne robíš.
dialogue.ghost_jeff.say_prophet.text,"I hear you're a [color=#a8554c]prophet[/color] now. A [color=#a8554c]prophet[/color] pigeon. Death is full of surprises. Actually, no. It isn't. This is the one surprise.","Počul som, že si teraz [color=#a8554c]prorok[/color]. Holub [color=#a8554c]prorok[/color]. Smrť je plná prekvapení. Teda nie je. Toto je to jediné."
dialogue.ghost_jeff.say_rumor_short.text,[color=#8a6ca8]Mildred[/color] is still going on about the whole 'people know about us' thing.,"[color=#8a6ca8]Mildred[/color] stále ide o tom, že už o nás ľudia vedia."
dialogue.ghost_jeff.say_rumor.text,I heard you're telling people about us. [color=#8a6ca8]Mildred[/color] won't shut up about it. Which is saying something because she never shuts up anyway.,"Počul som, že o nás rozprávaš ľuďom. [color=#8a6ca8]Mildred[/color] o tom nevie prestať hovoriť. A to už niečo znamená, lebo ona nevie prestať hovoriť nikdy."
dialogue.ghost_jeff.say_bye.text,Well. Nice seeing you. That's not something I say often. Or ever.,No. Rád som ťa videl. To nehovorím často. Vlastne nikdy.
dialogue.ghost_jeff.say_intro.text,"Oh. A pigeon. That's... new, I guess. I'm [color=#8a6ca8]Jeff[/color]. I'm dead.","Ach. Holub. To je... nové, asi. Ja som [color=#8a6ca8]Jeff[/color]. Som mŕtvy."
dialogue.ghost_jeff.option_how.label,How did you die?,Ako si zomrel?
dialogue.ghost_jeff.say_pigeon_how.text,So... how did you die? If you don't mind me asking.,"Tak... ako si zomrel? Ak ti nevadí, že sa pýtam."
dialogue.ghost_jeff.say_how_reply.text,Honestly? I forget. It was a long time ago. Might have been the plague. Might have been boredom. Both were going around.,"Úprimne? Nepamätám si. Je to dávno. Možno mor. Možno nuda. Oboje vtedy fičalo."
dialogue.ghost_jeff.option_what.label,What do you do here?,Čo tu robíš?
dialogue.ghost_jeff.say_pigeon_what.text,What do you do here all day? Just... stand around?,Čo tu celý deň robíš? Len... stojíš?
dialogue.ghost_jeff.say_what_reply.text,Stand here. Exist. Watch [color=#8a6ca8]Mildred[/color] try to scare people. That's about it. Death is surprisingly boring.,"Stojím tu. Existujem. Sledujem, ako sa [color=#8a6ca8]Mildred[/color] snaží vystrašiť ľudí. Asi tak. Smrť je prekvapivo nudná."
dialogue.ghost_jeff.say_outro.text,Sounds rough.,To znie dosť zle.
dialogue.ghost_jeff.say_rough.text,It's fine. I wasn't doing much when I was alive either.,"To je v pohode. Ani keď som žil, som toho veľa nerobil."
dialogue.ghost_mildred.say_ending_short.text,I'm a proper [color=#a8554c]ghost[/color] now. The innkeeper still won't come near the [color=#6b8e5e]graveyard[/color]. [i]WONDERFUL.[/i],"Teraz som už ozajstný [color=#a8554c]duch[/color]. Krčmár sa stále neodváži priblížiť ku [color=#6b8e5e]cintorínu[/color]. [i]NÁDHERA.[/i]"
dialogue.ghost_mildred.say_ending_1.text,Wait. Is it true? Someone was actually [i]SCARED[/i]?! Of [i]ME[/i]?!,Počkať. Je to pravda? Niekto sa naozaj [i]ZĽAKOL[/i]?! [i]MŇA[/i]?!
dialogue.ghost_mildred.say_pigeon_yep.text,The innkeeper. He panicked when I told him about you. Completely lost it.,"Krčmár. Keď som mu o tebe povedal, spanikáril. Úplne sa rozsypal."
dialogue.ghost_mildred.say_ending_2.text,[shake rate=30.0 level=20]SOMEONE WAS SCARED OF ME![/shake],[shake rate=30.0 level=20]NIEKTO SA MA ZĽAKOL![/shake]
dialogue.ghost_mildred.say_ending_3.text,"I... I can finally rest in peace. Well, not rest. But exist in peace. With [i]PRIDE[/i].","Ja... konečne môžem odpočívať v pokoji. Teda nie odpočívať. Ale existovať v pokoji. A s [i]HRDOSŤOU[/i]."
dialogue.ghost_mildred.say_pigeon_end.text,"Happy to help, [color=#8a6ca8]Mildred[/color].","Rád som pomohol, [color=#8a6ca8]Mildred[/color]."
dialogue.ghost_mildred.say_jeff_end.text,I'm happy for you. Really. This is my happy face.,Prajem ti to. Naozaj. Toto je moja šťastná tvár.
dialogue.ghost_mildred.say_waiting.text,Have you told anyone about me yet? Anyone scared? Even a little?,Povedal si už o mne niekomu? Niekoho to vystrašilo? Aspoň trošku?
dialogue.ghost_mildred.say_pigeon_working.text,Working on it. Give me some time.,Pracujem na tom. Daj mi chvíľu.
dialogue.ghost_mildred.say_patience.text,I've waited forty years. I can wait a bit longer. ...But please hurry.,"Čakala som štyridsať rokov. Ešte chvíľu vydržím. ...Ale prosím, poponáhľaj sa."
dialogue.ghost_mildred.say_favor.text,Listen... could you do something for me? Tell the [i]LIVING[/i] people about me. Tell them the [color=#6b8e5e]graveyard[/color] is [color=#a8554c]haunted[/color]. I just want one real scare.,"Počuj... mohol by si pre mňa niečo spraviť? Povedz [i]ŽIVÝM[/i] ľuďom o mne. Povedz im, že [color=#6b8e5e]cintorín[/color] je [color=#a8554c]strašidelný[/color]. Chcem len jeden poriadny výkrik."
dialogue.ghost_mildred.option_spread.label,I'll spread the word,Roznesiem to
dialogue.ghost_mildred.say_pigeon_spread.text,Sure. I'll tell people the [color=#6b8e5e]graveyard[/color] is [color=#a8554c]haunted[/color]. Shouldn't be hard.,"Jasné. Poviem ľuďom, že [color=#6b8e5e]cintorín[/color] je [color=#a8554c]strašidelný[/color]. Nemalo by to byť ťažké."
dialogue.ghost_mildred.say_grateful.text,"You would do that?! For [i]ME[/i]?! Oh, you wonderful little bird!","Ty by si to urobil?! Pre [i]MŇA[/i]?! Och, ty nádherný malý vtáčik!"
dialogue.ghost_mildred.option_no.label,That won't work,To nezaberie
dialogue.ghost_mildred.say_pigeon_no.text,I don't think telling people will make them scared. No offense.,"Nemyslím si, že keď im to povieš, tak sa zľaknú. Bez urážky."
dialogue.ghost_mildred.say_sad.text,"None taken. ...A lot taken, actually. But fine.","Bez urážky. ...Vlastne dosť urážky. Ale dobre."
dialogue.ghost_mildred.say_cold.text,Oh. It's you. The one who [i]WASN'T[/i] scared.,"Ach. To si ty. Ten, čo sa [i]NEZĽAKOL[/i]."
dialogue.ghost_mildred.say_pigeon_ghost.text,Still not scared. Sorry.,Stále sa nebojím. Prepáč.
dialogue.ghost_mildred.say_give_up.text,Forty years. Not a single scream. Maybe I'm just not cut out for haunting.,Štyridsať rokov. Ani jeden jediný výkrik. Možno sa na strašenie jednoducho nehodím.
dialogue.ghost_mildred.say_boo.text,[shake rate=30.0 level=20]BOOOOO![/shake] Fear me! I am the [color=#a8554c]terror[/color] of this [color=#6b8e5e]graveyard[/color]!,[shake rate=30.0 level=20]BÚÚÚÚ![/shake] Bojte sa ma! Som [color=#a8554c]postrach[/color] tohto [color=#6b8e5e]cintorína[/color]!
dialogue.ghost_mildred.option_awful.label,That was terrible,To bolo hrozné
dialogue.ghost_mildred.say_pigeon_awful.text,...Was that it? That was really not scary.,...To bolo všetko? To vôbec nebolo strašidelné.
dialogue.ghost_mildred.say_crushed.text,I... forty years. Forty years I've been practicing that. And nothing. Not a single scream.,"Ja... štyridsať rokov. Štyridsať rokov som to trénovala. A nič. Ani jediný výkrik."
dialogue.ghost_mildred.say_pigeon_sorry.text,Sorry. Maybe try jumping out from behind a gravestone next time?,Prepáč. Možno skús nabudúce vyskočiť spoza náhrobku?
dialogue.ghost_mildred.say_tried.text,I [i]HAVE[/i]. They just walk right through me. Literally.,[i]SKÚŠALA SOM.[/i] Len cez mňa vždy prejdú. Doslova.
dialogue.ghost_mildred.option_scream.label,AAAGH!,AAAA!
dialogue.ghost_mildred.say_pigeon_scream.text,[shake rate=30.0 level=20]AAAGH![/shake] A [color=#a8554c]ghost[/color]! Oh no! So scary!,[shake rate=30.0 level=20]AAAA![/shake] [color=#a8554c]Duch[/color]! Och nie! Strašne desivé!
dialogue.ghost_mildred.say_thrilled.text,"Did you hear that, [color=#8a6ca8]Jeff[/color]?! [shake rate=30.0 level=20]SOMEONE SCREAMED![/shake] After [i]FORTY YEARS[/i]!","Počul si to, [color=#8a6ca8]Jeff[/color]?! [shake rate=30.0 level=20]NIEKTO SKRÍKOL![/shake] Po [i]ŠTYRIDSIATICH ROKOCH[/i]!"
dialogue.ghost_mildred.say_jeff_react.text,This is the greatest day of my afterlife!,Toto je najlepší deň môjho posmrtného života!
dialogue.innkeeper_bertram.say_return.text,The pigeon is back! Want a room? I've got a bucket under a table. Very cozy.,"Holub je späť! Chceš izbu? Mám vedro pod stolom. Veľmi útulné."
dialogue.innkeeper_bertram.say_prophet_short.text,Any prophecies about carrots? I really need a carrot day.,Nemáš nejaké proroctvo o mrkve? Ja by som fakt potreboval mrkvový deň.
dialogue.innkeeper_bertram.say_prophet.text,"Wait, you're a [color=#a8554c]PROPHET[/color]? Can you tell me if the stew will be ready by noon? ...It's just water. It's always ready.","Počkať, ty si [color=#a8554c]PROROK[/color]? Vieš mi povedať, či bude guláš hotový do obeda? ...Je to len voda. Tá je hotová stále."
dialogue.innkeeper_bertram.say_pigeon_stew.text,"Yes, [color=#8a6ca8]Bertram[/color]. The water is ready.","Áno, [color=#8a6ca8]Bertram[/color]. Voda je hotová."
dialogue.innkeeper_bertram.say_still_scared_short.text,Still hearing noises. The garlic isn't working.,Stále počujem zvuky. Cesnak nezaberá.
dialogue.innkeeper_bertram.say_still_scared.text,I keep hearing noises from the [color=#6b8e5e]graveyard[/color]. Or maybe it's the wind. Or maybe it's [color=#a8554c]GHOSTS[/color]. I can't sleep!,"Stále počujem zvuky z [color=#6b8e5e]cintorína[/color]. Alebo je to vietor. Alebo [color=#a8554c]DUCHOVIA[/color]. Ja sa nevyspím!"
dialogue.innkeeper_bertram.say_pigeon_sleep.text,"You'll be fine, [color=#8a6ca8]Bertram[/color].","Budeš v poriadku, [color=#8a6ca8]Bertram[/color]."
dialogue.innkeeper_bertram.say_fine.text,Easy for you to say! You can [i]FLY[/i] away!,To sa ti povie ľahko! Ty vieš [i]ODLETIEŤ[/i]!
dialogue.innkeeper_bertram.option_ghosts.label,The graveyard is haunted,Cintorín straší
dialogue.innkeeper_bertram.say_pigeon_ghosts.text,You know the [color=#6b8e5e]graveyard[/color] up by the [color=#6b8e5e]church[/color]? It's [color=#a8554c]haunted[/color]. Actual [color=#a8554c]ghosts[/color]. I talked to them.,"Poznáš ten [color=#6b8e5e]cintorín[/color] pri [color=#6b8e5e]kostole[/color]? Je [color=#a8554c]strašidelný[/color]. Skutoční [color=#a8554c]duchovia[/color]. Rozprával som sa s nimi."
dialogue.innkeeper_bertram.say_panic.text,[shake rate=30.0 level=20]GHOSTS?![/shake] [i]I KNEW[/i] the [color=#6b8e5e]graveyard[/color] was too quiet! That's [i]NOT[/i] normal quiet! That's [color=#a8554c]GHOST[/color] [i]QUIET[/i]!,"[shake rate=30.0 level=20]DUCHOVIA?![/shake] [i]VEDEL SOM TO[/i]! Ten [color=#6b8e5e]cintorín[/color] bol až priveľmi tichý! To nie je [i]NORMÁLNE[/i] ticho! To je [color=#a8554c]DUCHÁRSKE[/color] [i]TICHO[/i]!"
dialogue.innkeeper_bertram.say_pigeon_calm.text,They seemed pretty harmless.,Vyzerali dosť neškodne.
dialogue.innkeeper_bertram.say_no_harmless.text,[i]HARMLESS?![/i] [color=#a8554c]Ghosts[/color] are [i]NEVER[/i] harmless! I'm putting garlic on the door! And the windows! And the stew! ...The stew already has nothing in it so garlic might help actually.,"[i]NEŠKODNÉ?![/i] [color=#a8554c]Duchovia[/color] nie sú [i]NIKDY[/i] neškodní! Dám cesnak na dvere! Aj na okná! Aj do gulášu! ...V guláši už aj tak nič nie je, tak by mu cesnak možno pomohol."
dialogue.innkeeper_bertram.option_nevermind.label,Never mind,Nevadí
dialogue.innkeeper_bertram.say_pigeon_nvm.text,"Actually, never mind. Forget I said anything.","Vlastne nič. Zabudni, že som niečo povedal."
dialogue.innkeeper_bertram.say_ok.text,Said what? I already forgot. ...What were we talking about?,Povedal čo? Už som zabudol. ...O čom sme sa to bavili?
dialogue.innkeeper_bertram.say_bye.text,Come back anytime! The stew is always... here. The stew is always here.,Vráť sa kedykoľvek! Guláš je vždy... tu. Guláš je vždy tu.
dialogue.innkeeper_bertram.say_welcome.text,"Welcome to the [color=#6b8e5e]tavern[/color]! Best stew in [color=#6b8e5e]town[/color]! Well, [i]ONLY[/i] stew in [color=#6b8e5e]town[/color]. But still the best!","Vitaj v [color=#6b8e5e]krčme[/color]! Najlepší guláš v [color=#6b8e5e]meste[/color]! Teda, [i]JEDINÝ[/i] guláš v [color=#6b8e5e]meste[/color]. Ale aj tak najlepší!"
dialogue.innkeeper_bertram.say_pigeon_hi.text,Thanks. What's in the stew?,Vďaka. Čo je v tom guláši?
dialogue.innkeeper_bertram.say_recipe.text,"Water! And sometimes a carrot. Today is a [i]NO CARROT[/i] day, though. So it's extra watery. Very smooth.","Voda! A občas mrkva. Dnes je ale [i]DEŇ BEZ MRKVY[/i]. Takže je ešte vodovejší. Veľmi jemný."
dialogue.innkeeper_bertram.option_water.label,This is just water,Veď to je len voda
dialogue.innkeeper_bertram.say_pigeon_water.text,"[color=#8a6ca8]Bertram[/color], this is just warm water. There's nothing in it.","[color=#8a6ca8]Bertram[/color], to je len teplá voda. Nič v tom nie je."
dialogue.innkeeper_bertram.say_secret.text,Water is the [i]SECRET INGREDIENT[/i]. Most cooks use too much food. I figured out you don't need any!,"Voda je [i]TAJNÁ PRÍSADA[/i]. Väčšina kuchárov dáva priveľa jedla. Ja som prišiel na to, že netreba žiadne!"
dialogue.innkeeper_bertram.say_pigeon_genius.text,That's not how cooking works.,Takto varenie nefunguje.
dialogue.innkeeper_bertram.say_works.text,Then why does everyone keep coming back? ...Nobody comes back. But they [i]COULD[/i]!,A prečo sa potom všetci vracajú? ...Nikto sa nevracia. Ale [i]MOHLI BY[/i]!
dialogue.innkeeper_bertram.option_great.label,Smells great!,Vonia to skvelo!
dialogue.innkeeper_bertram.say_pigeon_great.text,You know what? It smells great. Pour me another bowl.,Vieš čo? Vonia to skvelo. Nalej mi ešte jednu misku.
dialogue.innkeeper_bertram.say_happy.text,"A customer with [i]TASTE[/i]! Here, have a second bowl! Same water, fresh temperature!","Zákazník s [i]VKUSOM[/i]! Tu máš druhú misku! Tá istá voda, nová teplota!"
dialogue.old_lady_agnes.say_return.text,"You came [i]BACK[/i]! Nobody comes back! Oh, this is wonderful!","Ty si sa [i]VRÁTIL[/i]! Nikto sa nevracia! Och, to je úžasné!"
dialogue.old_lady_agnes.say_prophet_short.text,"My knees still ache, by the way. That pigeon blessing hasn't kicked in yet.","Mimochodom, kolená ma stále bolia. To holubie požehnanie ešte nezabralo."
dialogue.old_lady_agnes.say_prophet.text,[color=#8a6ca8]Father Cuthbert[/color] says you're a [color=#a8554c]PROPHET[/color]! Can you bless my knees? They ache something terrible.,"[color=#8a6ca8]Otec Cuthbert[/color] vraví, že si [color=#a8554c]PROROK[/color]! Mohol by si požehnať moje kolená? Bolejú ma hrozne."
dialogue.old_lady_agnes.say_pigeon_knees.text,I don't think pigeon blessings work on knees.,"Nemyslím si, že holubie požehnania fungujú na kolená."
dialogue.old_lady_agnes.say_worth_try.text,Worth a try! Nothing else has worked. Not even the turnip poultice.,Za pokus to stojí! Nič iné nezabralo. Ani obklad z repy.
dialogue.old_lady_agnes.say_ghost_short.text,"I'm still not going near that [color=#6b8e5e]graveyard[/color], mind you.","K tomu [color=#6b8e5e]cintorínu[/color] sa stále nechystám ani priblížiť, len aby bolo jasné."
dialogue.old_lady_agnes.say_ghost.text,[color=#a8554c]Ghosts[/color]?! In the [color=#6b8e5e]graveyard[/color]?! I [i]KNEW[/i] that place was cursed! I am never going near it again. Not that I went near it before.,"[color=#a8554c]Duchovia[/color]?! Na [color=#6b8e5e]cintoríne[/color]?! [i]VEDELA SOM TO[/i]! To miesto bolo prekliate! Už sa tam nikdy nepriblížim. Teda, ak nepočítam, že som sa tam nepribližovala ani doteraz."
dialogue.old_lady_agnes.say_return_bye.text,Come visit whenever you like! I'll be right here. I'm always here. I have nowhere else to go.,Príď sa porozprávať kedykoľvek! Budem presne tu. Ja som vždy tu. Nemám kam inam ísť.
dialogue.old_lady_agnes.say_pigeon_bye.text,That's... a bit sad.,To je... trochu smutné.
dialogue.old_lady_agnes.say_not_sad.text,Not anymore! I have a pigeon [color=#a8554c]friend[/color] now!,Už nie! Teraz mám holubieho [color=#a8554c]priateľa[/color]!
dialogue.old_lady_agnes.say_excited.text,"Oh! [shake rate=30.0 level=20]OH![/shake] Someone is talking to me! Nobody talks to me! Come here, come closer!","Och! [shake rate=30.0 level=20]OCH![/shake] Niekto sa so mnou rozpráva! Nikto sa so mnou nerozpráva! Poď sem, bližšie!"
dialogue.old_lady_agnes.say_pigeon_hi.text,Hello. I'm a pigeon.,Ahoj. Som holub.
dialogue.old_lady_agnes.say_wonderful.text,A [i]TALKING[/i] pigeon! That's the most exciting thing that has happened here in [i]TWENTY YEARS[/i]. Last exciting thing was when [color=#8a6ca8]Bertram[/color] dropped a pot on his foot.,"[i]HOVORIACI[/i] holub! To je tá najvzrušujúcejšia vec, aká sa tu stala za [i]DVADSAŤ ROKOV[/i]. Naposledy bolo vzruchu, keď si [color=#8a6ca8]Bertram[/color] zhodil hrniec na nohu."
dialogue.old_lady_agnes.option_town.label,Tell me about this town,Povedz mi o tomto meste
dialogue.old_lady_agnes.say_pigeon_town.text,So what's this place like? Seems quiet.,Aké je to tu? Zdá sa to pokojné.
dialogue.old_lady_agnes.say_town_reply.text,"Quiet? Oh, it's [i]FULL[/i] of things! There's the [color=#6b8e5e]church[/color] up north where [color=#8a6ca8]Father Cuthbert[/color] talks to himself. The [color=#6b8e5e]tavern[/color] where [color=#8a6ca8]Bertram[/color] serves water and calls it stew. And the [color=#6b8e5e]farm[/color] has three pigs who think they're people.","Pokojné? Och, je to tu [i]PLNÉ[/i] vecí! Na severe je [color=#6b8e5e]kostol[/color], kde sa [color=#8a6ca8]Otec Cuthbert[/color] rozpráva sám so sebou. [color=#6b8e5e]Krčma[/color], kde [color=#8a6ca8]Bertram[/color] podáva vodu a hovorí tomu guláš. A na [color=#6b8e5e]farme[/color] sú tri prasatá, čo si myslia, že sú ľudia."
dialogue.old_lady_agnes.option_scarecrow.label,What about the scarecrow?,A čo ten strašiak?
dialogue.old_lady_agnes.say_pigeon_scarecrow.text,I saw a scarecrow [color=#6b8e5e]in the field[/color]. He was... screaming.,Videl som strašiaka [color=#6b8e5e]na poli[/color]. On... kričal.
dialogue.old_lady_agnes.say_cornelius_gossip.text,"Poor [color=#8a6ca8]Cornelius[/color]... he's been standing in that field for [i]THIRTY YEARS[/i]. Nobody visits him. He just yells at birds all day. I think he's lonely, but don't tell him I said that.","Chudák [color=#8a6ca8]Cornelius[/color]... stojí na tom poli už [i]TRIDSAŤ ROKOV[/i]. Nikto ho nenavštevuje. Celé dni len kričí na vtáky. Myslím, že je osamelý, ale nepovedz mu, že som to povedala."
dialogue.old_lady_agnes.option_graveyard.label,Anyone in the graveyard?,Je niekto na cintoríne?
dialogue.old_lady_agnes.say_pigeon_grave.text,Is there anything going on in the [color=#6b8e5e]graveyard[/color]? It looks... odd.,Deje sa niečo na [color=#6b8e5e]cintoríne[/color]? Vyzerá... čudne.
dialogue.old_lady_agnes.say_grave_reply.text,I've heard strange noises from there at night. Could be the wind. Could be [color=#a8554c]ghosts[/color]. I don't go near it. My knees can't handle running away.,"Počula som odtiaľ v noci zvláštne zvuky. Možno vietor. Možno [color=#a8554c]duchovia[/color]. Ja tam nechodím. Moje kolená by útek nezvládli."
dialogue.old_lady_agnes.say_goodbye.text,"Oh, please come back and talk to me again! You're the best conversation I've had since the goat escaped in '08.","Och, prosím, ešte sa niekedy vráť porozprávať! Si tá najlepšia spoločnosť, akú som mala odvtedy, čo nám v ôsmom ušla koza."
dialogue.pig_hamlet.say_prophet_short.text,The [color=#a8554c]prophet[/color] returns. I have been composing a sonnet in your honor. It is not finished. It may never be.,"[color=#a8554c]Prorok[/color] sa vracia. Skladám ti sonet na počesť. Ešte nie je hotový. Možno nikdy nebude."
dialogue.pig_hamlet.say_prophet.text,"A [color=#a8554c]PROPHET[/color]! Tell me, wise one. Is there meaning beyond the trough? Is there a world past the fence?","[color=#a8554c]PROROK[/color]! Povedz mi, múdry tvor. Je nejaký zmysel aj za válovom? Je tam svet aj za plotom?"
dialogue.pig_hamlet.say_pigeon_meaning.text,I've seen beyond the fence. There's a field and some more mud.,Videl som za plot. Je tam pole a ešte viac blata.
dialogue.pig_hamlet.say_beautiful.text,A field... and mud... How [i]BEAUTIFULLY[/i] simple. The universe gives us only what we need.,"Pole... a blato... Aké [i]KRÁSNE[/i] jednoduché. Vesmír nám dáva len to, čo potrebujeme."
dialogue.pig_hamlet.say_return_short.text,I have had more thoughts. About the trough. About the fence. About [i]EVERYTHING[/i].,Mal som ďalšie myšlienky. O válove. O plote. O [i]VŠETKOM[/i].
dialogue.pig_hamlet.say_return_hi.text,"Ah, the pigeon returns. I have been thinking about the nature of flight. You can fly. I cannot. And yet we both eat from the ground. What does that [i]MEAN[/i]?","Ach, holub sa vracia. Premýšľal som o povahe letu. Ty vieš lietať. Ja nie. A predsa obaja jeme zo zeme. Čo to [i]ZNAMENÁ[/i]?"
dialogue.pig_hamlet.say_pigeon_nothing.text,I think it means we both like food.,"Myslím, že to znamená, že máme obaja radi jedlo."
dialogue.pig_hamlet.say_deep.text,[i]EXACTLY.[/i] Food is the great equalizer. The trough does not care if you have wings.,"[i]PRESNE TAK.[/i] Jedlo je veľký vyrovnávač. Válov nezaujíma, či máš krídla."
dialogue.pig_hamlet.say_pigeon_sure.text,"Sure, [color=#8a6ca8]Hamlet[/color].","Jasné, [color=#8a6ca8]Hamlet[/color]."
dialogue.pig_hamlet.say_farewell.text,"Go well, pigeon. And remember. To oink... is to [i]LIVE[/i].","Choď v pokoji, holub. A pamätaj. Chrochtať... znamená [i]ŽIŤ[/i]."
dialogue.pig_hamlet.say_monologue.text,To [i]OINK[/i]... or not to oink... [i]THAT[/i] is the question.,Chrochtať... či nechrochtať... [i]TO[/i] je otázka.
dialogue.pig_hamlet.say_monologue_2.text,Whether it is nobler in the trough to suffer the slops of outrageous fortune...,Či je vznešenejšie vo válove trpieť splašky krutej nepriazne osudu...
dialogue.pig_hamlet.option_question.label,That IS the question,To JE tá otázka
dialogue.pig_hamlet.say_pigeon_yes.text,You know what? That [i]IS[/i] the question. To oink or not to oink. Deep stuff.,Vieš čo? To [i]JE[/i] tá otázka. Chrochtať či nechrochtať. Hlboké.
dialogue.pig_hamlet.say_delighted.text,Finally! A [i]KINDRED SPIRIT[/i]! Someone who [i]UNDERSTANDS[/i] the weight of existence!,"Konečne! [i]SPRIAZNENÁ DUŠA[/i]! Niekto, kto [i]ROZUMIE[/i] váhe existencie!"
dialogue.pig_hamlet.say_weight.text,[color=#8a6ca8]Oinksworth[/color] thinks I'm being dramatic. But is it dramatic to ask [i]WHY[/i] we eat from a trough? Is it dramatic to wonder what lies beyond the fence?,"[color=#8a6ca8]Oinksworth[/color] si myslí, že som dramatický. Ale je dramatické pýtať sa [i]PREČO[/i] jeme z válova? Je dramatické rozmýšľať, čo leží za plotom?"
dialogue.pig_hamlet.say_pigeon_fence.text,"More mud, mostly.","Hlavne viac blata."
dialogue.pig_hamlet.say_poetic.text,...Poetic.,...Poetické.
dialogue.pig_hamlet.option_stop.label,Please stop,"Prosím, prestaň"
dialogue.pig_hamlet.say_pigeon_stop.text,Please stop. I just walked over to say hello.,"Prosím, prestaň. Len som prišiel pozdraviť."
dialogue.pig_hamlet.say_hurt.text,The world is full of those who cannot see [i]ART[/i]. But art does not stop for them. Art [i]OINKS[/i] on.,"Svet je plný tých, čo nevidia [i]UMENIE[/i]. Ale umenie kvôli nim neprestane. Umenie [i]CHROCHTÁ[/i] ďalej."
dialogue.pig_hamlet.say_pigeon_oinks.text,Did you just say art oinks on?,"Ty si práve povedal, že umenie chrochtá ďalej?"
dialogue.pig_hamlet.say_yes.text,I did. And I meant every word.,Povedal. A myslel som každé slovo.
dialogue.pig_sir_oinksworth.say_knight_short.text,Sir Pigeon! The empire endures! ...How many puddles now?,Sir Holub! Ríša trvá! ...Koľko mlák už máme?
dialogue.pig_sir_oinksworth.say_knight_return.text,Sir Pigeon! How goes the knighting? Have you conquered any lands? Claimed any puddles?,Sir Holub! Ako pokračuje rytierovanie? Dobil si už nejaké územia? Privlastnil si si nejaké mláky?
dialogue.pig_sir_oinksworth.say_pigeon_puddle.text,I found a nice puddle [color=#6b8e5e]by the well[/color]. I'm claiming that one.,Našiel som peknú mláku [color=#6b8e5e]pri studni[/color]. Tú si nárokujem.
dialogue.pig_sir_oinksworth.say_excellent.text,[i]EXCELLENT![/i] The empire grows! Soon we shall have [i]TWO[/i] puddles!,[i]VÝBORNE![/i] Ríša rastie! Čoskoro budeme mať [i]DVE[/i] mláky!
dialogue.pig_sir_oinksworth.say_title_offer.text,"Pigeon! For your loyal service and good manners, I shall grant you a [color=#a8554c]title[/color]. Kneel! ...Or just stand there. Birds don't have knees.","Holub! Za tvoju vernú službu a dobré spôsoby ti udelím [color=#a8554c]titul[/color]. Kľakni! ...Alebo tam len stoj. Vtáky nemajú kolená."
dialogue.pig_sir_oinksworth.option_decline.label,"I'm good, thanks","To je v pohode, vďaka"
dialogue.pig_sir_oinksworth.say_pigeon_decline.text,"That's kind of you, but I don't really need a [color=#a8554c]title[/color].","To je milé, ale ja ten [color=#a8554c]titul[/color] vlastne nepotrebujem."
dialogue.pig_sir_oinksworth.say_shocked.text,Refusing a [color=#a8554c]title[/color]?! Unheard of! The offer stands. Come back when you've come to your senses.,"Odmietnuť [color=#a8554c]titul[/color]?! Neslýchané! Ponuka stále platí. Vráť sa, keď dostaneš rozum."
dialogue.pig_sir_oinksworth.option_accept.label,I accept the title,Prijímam titul
dialogue.pig_sir_oinksworth.say_pigeon_accept.text,Sure. Why not. [color=#a8554c]Knight[/color] me.,Jasné. Prečo nie. Pasuj ma na [color=#a8554c]rytiera[/color].
dialogue.pig_sir_oinksworth.say_dub.text,"I dub thee [color=#8a6ca8]Sir Pigeon of the Puddle[/color], [color=#a8554c]Knight[/color] of the [color=#6b8e5e]Crossroads[/color]! Rise! ...You're already standing. Good enough!","Pasujem ťa na [color=#8a6ca8]Sira Holuba z Mlák[/color], [color=#a8554c]Rytiera[/color] [color=#6b8e5e]Križovatky[/color]! Vstaň! ...Veď už stojíš. To stačí!"
dialogue.pig_sir_oinksworth.say_pigeon_thanks.text,I'm honored. I think.,Som poctený. Asi.
dialogue.pig_sir_oinksworth.say_cold_short.text,Still rude. Still remembered. [color=#8a6ca8]Hamlet[/color] is still not glaring. Disappointing all around.,Stále drzý. Stále zapamätané. [color=#8a6ca8]Hamlet[/color] sa stále netvári prísne. Jedno sklamanie za druhým.
dialogue.pig_sir_oinksworth.say_cold.text,Oh. It's the rude one. I have not forgotten your insult. [color=#8a6ca8]Hamlet[/color] has been told to glare at you.,"Ach. To si ty, ten drzý. Na tvoju urážku som nezabudol. [color=#8a6ca8]Hamlet[/color] dostal rozkaz na teba zazerať."
dialogue.pig_sir_oinksworth.say_pigeon_sorry.text,Is he? He looks like he's doing a monologue.,"Naozaj? Vyzerá skôr, že recituje monológ."
dialogue.pig_sir_oinksworth.say_always.text,He's [i]ALWAYS[/i] doing a monologue. Very hard to get good guards around here.,On má [i]VŽDY[/i] monológ. Je ťažké zohnať tu poriadnu stráž.
dialogue.pig_sir_oinksworth.say_prophet_short.text,The prophecy still stands. As do I. In this mud.,Proroctvo stále platí. A ja tiež stále stojím. V tomto blate.
dialogue.pig_sir_oinksworth.say_prophet.text,I hear the priest called you a [color=#a8554c]PROPHET[/color]. A [color=#a8554c]prophet[/color]! In [i]MY[/i] pen! I demand a royal blessing at once!,"Počul som, že ťa kňaz nazval [color=#a8554c]PROROKOM[/color]. [color=#a8554c]Prorok[/color]! V [i]MOJOM[/i] chlieviku! Okamžite žiadam kráľovské požehnanie!"
dialogue.pig_sir_oinksworth.say_pigeon_prophet.text,I bless your mud.,Žehnám tvojmu blatu.
dialogue.pig_sir_oinksworth.say_satisfied.text,"[i]EXCELLENT.[/i] The mud is now [color=#a8554c]holy mud[/color]. This changes everything. Well, nothing. But it feels important.","[i]VÝBORNE.[/i] To blato je teraz [color=#a8554c]sväté blato[/color]. To mení všetko. Teda nič. Ale pôsobí to dôležito."
dialogue.pig_sir_oinksworth.say_halt.text,"[shake rate=30.0 level=20]HALT![/shake] State your name and [color=#a8554c]title[/color] before the Third of His Name, [color=#8a6ca8]Sir Oinksworth[/color], Lord of the [color=#6b8e5e]Mud Patch[/color], Duke of the [color=#6b8e5e]Feed Bin[/color]!","[shake rate=30.0 level=20]STOJ![/shake] Uveď svoje meno a [color=#a8554c]titul[/color] pred Tretím svojho mena, [color=#8a6ca8]Sirom Oinksworthom[/color], Pánom [color=#6b8e5e]Blatnej Škvrny[/color], Vojvodom [color=#6b8e5e]Kŕmneho Koryta[/color]!"
dialogue.pig_sir_oinksworth.option_pig.label,You're a pig in a pen,Si prasa v chlieviku
dialogue.pig_sir_oinksworth.say_pigeon_pig.text,You're a pig. In a pen. With mud on your face.,Si prasa. V chlieviku. A máš blato na tvári.
dialogue.pig_sir_oinksworth.say_outrage.text,[shake rate=30.0 level=20]HOW DARE![/shake] Guards! Seize this bird! ...We don't have guards. [shake rate=30.0 level=20][color=#8a6ca8]HAMLET[/color]! BE A GUARD![/shake],"[shake rate=30.0 level=20]AKÁ DRZOSŤ![/shake] Stráže! Chyťte toho vtáka! ...Nemáme stráže. [shake rate=30.0 level=20][color=#8a6ca8]HAMLET[/color]! ROB STRÁŽ![/shake]"
dialogue.pig_sir_oinksworth.say_hamlet.text,...[color=#8a6ca8]Hamlet[/color] is doing a monologue. Useless. You may go. But I shall [i]REMEMBER[/i] this insult.,"...[color=#8a6ca8]Hamlet[/color] má monológ. Nepoužiteľný. Môžeš ísť. Ale túto urážku si [i]ZAPAMÄTÁM[/i]."
dialogue.pig_sir_oinksworth.option_majesty.label,Your Majesty,Vaše Veličenstvo
dialogue.pig_sir_oinksworth.say_pigeon_bow.text,"My apologies, Your Majesty. I am but a humble pigeon passing through your... lands.","Ospravedlňujem sa, Vaše Veličenstvo. Som len skromný holub, čo prechádza vašimi... panstvami."
dialogue.pig_sir_oinksworth.say_pleased.text,"Ah! Finally, someone with [i]BREEDING[/i]. You may stay. But do not touch the mud. That is [color=#a8554c]royal mud[/color].","Ach! Konečne niekto s [i]VÝCHOVOU[/i]. Môžeš zostať. Ale nedotýkaj sa blata. To je [color=#a8554c]kráľovské blato[/color]."
dialogue.pig_truffles.say_return_short.text,Still digging. Still smells great down here. Snff.,Stále hrabem. Stále to tu dole nádherne vonia. Snff.
dialogue.pig_truffles.say_found.text,I found something near the [color=#6b8e5e]church[/color]! It smells like... soil and regret. And mushrooms. Lots of mushrooms.,"Našiel som niečo pri [color=#6b8e5e]kostole[/color]! Vonia to ako... hlina a ľútosť. A huby. Veľa húb."
dialogue.pig_truffles.say_pigeon_church.text,Near the [color=#6b8e5e]church[/color]? That's close to the [color=#6b8e5e]graveyard[/color].,"Pri [color=#6b8e5e]kostole[/color]? To je blízko [color=#6b8e5e]cintorína[/color]."
dialogue.pig_truffles.say_better.text,Even [i]BETTER![/i] Dead things make the best soil! And the best soil makes the best [i]TRUFFLES[/i]! It's the circle of life!,"To je ešte [i]LEPŠIE![/i] Mŕtve veci robia najlepšiu pôdu! A najlepšia pôda robí najlepšie [i]HĽUZOVKY[/i]! To je kolobeh života!"
dialogue.pig_truffles.say_pigeon_circle.text,That's... one way to look at it.,To je... jeden pohľad na vec.
dialogue.pig_truffles.say_sniff_2.text,"Snff... I can smell you too, by the way. You smell like [color=#a8554c]breadcrumbs[/color] and [i]ADVENTURE[/i].","Snff... mimochodom cítim aj teba. Voniaš ako [color=#a8554c]omrvinky[/color] a [i]DOBRODRUŽSTVO[/i]."
dialogue.pig_truffles.say_pigeon_thanks.text,Thanks. I think.,Vďaka. Asi.
dialogue.pig_truffles.say_ghost_short.text,That [color=#6b8e5e]graveyard[/color] still smells interesting. [color=#a8554c]Ghosts[/color] or no [color=#a8554c]ghosts[/color].,Ten [color=#6b8e5e]cintorín[/color] stále vonia zaujímavo. [color=#a8554c]Duchovia[/color] či neduchovia.
dialogue.pig_truffles.say_ghost.text,I heard there are [color=#a8554c]ghosts[/color] near the [color=#6b8e5e]church[/color]! I don't care. [color=#a8554c]Ghosts[/color] can't eat truffles. ...Can they?,"Počul som, že pri [color=#6b8e5e]kostole[/color] sú [color=#a8554c]duchovia[/color]! Mne je to jedno. [color=#a8554c]Duchovia[/color] hľuzovky jesť nevedia. ...Vedia?"
dialogue.pig_truffles.say_sniff.text,Snff... snfff... I smell something. [i]UNDERGROUND.[/i] Could be truffles. Could be a turnip. Could be a [color=#a8554c]body[/color].,Snff... snfff... niečo cítim. [i]POD ZEMOU.[/i] Môžu to byť hľuzovky. Môže to byť repa. Môže to byť [color=#a8554c]mŕtvola[/color].
dialogue.pig_truffles.option_what.label,What are you digging for?,Čo tam kopeš?
dialogue.pig_truffles.say_pigeon_what.text,What exactly are you digging for down there?,Čo tam presne dolu hľadáš?
dialogue.pig_truffles.say_everything.text,[i]EVERYTHING![/i] The ground is full of [i]SECRETS[/i]! And worms. Mostly worms. But sometimes secrets!,"[i]VŠETKO![/i] Zem je plná [i]TAJOMSTIEV[/i]! A červov. Hlavne červov. Ale občas aj tajomstiev!"
dialogue.pig_truffles.say_pigeon_worms.text,I like worms.,Mám rád červy.
dialogue.pig_truffles.say_bonding.text,See?! You get it! The ground provides for those who [i]DIG[/i]!,"Vidíš?! Ty tomu rozumieš! Zem dáva tým, čo [i]HRABÚ[/i]!"
dialogue.pig_truffles.option_dont.label,Maybe don't dig there,Možno tam nekopeš
dialogue.pig_truffles.say_pigeon_dont.text,Maybe you should stop digging. What if it really is a [color=#a8554c]body[/color]?,Možno by si mal prestať kopať. Čo ak je to naozaj [color=#a8554c]mŕtvola[/color]?
dialogue.pig_truffles.say_nose.text,My nose says [i]DIG[/i]. I trust my nose more than I trust [i]ANYTHING[/i]. My nose has never been wrong.,Môj nos hovorí [i]HRABAŤ[/i]. Svojmu nosu verím viac než [i]ČOMUKOĽVEK[/i]. Môj nos sa ešte nikdy nemýlil.
dialogue.pig_truffles.say_pigeon_never.text,Never?,Nikdy?
dialogue.pig_truffles.say_once.text,"Well, once it said there were truffles and it was a rock. But it was a very [i]TRUFFLE-LIKE[/i] rock.","No, raz tvrdil, že sú tam hľuzovky, a bol to kameň. Ale bol to veľmi [i]HĽUZOVKOVITÝ[/i] kameň."
dialogue.priest_cuthbert.say_knight_short.text,Sir [color=#a8554c]Prophet[/color] Pigeon! Still holy? Still knightly? Of course you are. Every day is a [color=#a8554c]holy day[/color]!,"Sir [color=#a8554c]Prorok[/color] Holub! Stále svätý? Stále rytiersky? Samozrejme, že áno. Každý deň je [color=#a8554c]sviatočný deň[/color]!"
dialogue.priest_cuthbert.say_return_knight.text,Wait. You... you are a [color=#a8554c]knight[/color] now too?!,Počkať. Ty... si teraz aj [color=#a8554c]rytier[/color]?!
dialogue.priest_cuthbert.say_pigeon_yep.text,A pig in a pen knighted me. It was a whole ceremony.,Pasovalo ma prasa v chlieviku. Bol z toho celý obrad.
dialogue.priest_cuthbert.say_holy_day_2.text,A [color=#a8554c]prophet[/color] [i]AND[/i] a [color=#a8554c]knight[/color]! The scrolls said nothing of this... but they [i]SHOULD[/i] have! I declare this a [color=#a8554c]holy day[/color]!,"[color=#a8554c]Prorok[/color] [i]AJ[/i] [color=#a8554c]rytier[/color]! Zvitky o tom nič nehovorili... ale [i]MALI[/i] hovoriť! Vyhlasujem tento deň za [color=#a8554c]sviatočný deň[/color]!"
dialogue.priest_cuthbert.say_pigeon_again.text,You seem to declare a lot of holy days.,"Zdá sa, že vyhlasuješ veľa sviatočných dní."
dialogue.priest_cuthbert.say_every_day.text,Every day could be holy if you [i]BELIEVE[/i] hard enough!,"Každý deň by mohol byť svätý, keby si [i]VERIL[/i] dosť silno!"
dialogue.priest_cuthbert.say_blessed_short.text,"The crops are still blessed! Or still rained on. Either way, praise be!","Úroda je stále požehnaná! Alebo stále zmoknutá. Tak či tak, chvála!"
dialogue.priest_cuthbert.say_blessed_return.text,The [color=#a8554c]prophet[/color] graces us again! The crops have been growing better since your blessing. Or maybe it rained. Hard to tell.,"[color=#a8554c]Prorok[/color] nás opäť poctil svojou prítomnosťou! Úroda rastie lepšie od tvojho požehnania. Alebo možno len pršalo. Ťažko povedať."
dialogue.priest_cuthbert.say_pigeon_rain.text,Probably the rain.,Skôr dážď.
dialogue.priest_cuthbert.say_faith.text,That's what a [color=#a8554c]prophet[/color] would say!,Presne to by povedal [color=#a8554c]prorok[/color]!
dialogue.priest_cuthbert.say_return_hello.text,"The [color=#a8554c]prophet[/color] returns! Oh, what a blessed day! Could you... bless something for us?","[color=#a8554c]Prorok[/color] sa vracia! Och, aký požehnaný deň! Mohol by si... niečo požehnať?"
dialogue.priest_cuthbert.option_bless.label,"Sure, I'll bless something","Jasné, niečo požehnám"
dialogue.priest_cuthbert.say_pigeon_bless.text,Fine. I bless this... ground. And that rock over there. You're all blessed.,Dobre. Žehnám tejto... zemi. A tomu kameňu tam. Všetci ste požehnaní.
dialogue.priest_cuthbert.say_bless_reply.text,[shake rate=30.0 level=20]MAGNIFICENT![/shake] Did you feel that? The air just got holier! I could weep!,[shake rate=30.0 level=20]VEĽKOLEPÉ![/shake] Cítil si to? Vzduch je zrazu svätejší! Mohol by som plakať!
dialogue.priest_cuthbert.option_no_bless.label,I don't have that power,Takú moc nemám
dialogue.priest_cuthbert.say_pigeon_no.text,I really don't think I can bless things. I'm a pigeon.,"Naozaj si nemyslím, že viem žehnať veci. Som holub."
dialogue.priest_cuthbert.say_humble.text,Such [i]HUMILITY[/i]! Truly divine! Only a real [color=#a8554c]prophet[/color] would deny their own power!,Taká [i]POKORA[/i]! Naozaj božské! Len skutočný [color=#a8554c]prorok[/color] by zapieral vlastnú moc!
dialogue.priest_cuthbert.say_shock_k.text,[shake rate=30.0 level=20]BY THE SAINTS![/shake] A [color=#a8554c]talking bird[/color]! [i]AND[/i] you carry a knightly [color=#a8554c]title[/color]?!,"[shake rate=30.0 level=20]PRI VŠETKÝCH SVÄTÝCH![/shake] [color=#a8554c]Hovoriaci vták[/color]! [i]A[/i] ty ešte nosíš rytiersky [color=#a8554c]titul[/color]?!"
dialogue.priest_cuthbert.say_pigeon_k.text,A pig gave it to me. Long story.,Dalo mi ho prasa. Dlhý príbeh.
dialogue.priest_cuthbert.say_holy_day.text,A [color=#a8554c]prophet[/color] [i]AND[/i] a [color=#a8554c]knight[/color]! The scrolls said nothing of this... but they [i]SHOULD[/i] have! I declare this a [color=#a8554c]holy day[/color]!,"[color=#a8554c]Prorok[/color] [i]AJ[/i] [color=#a8554c]rytier[/color]! Zvitky o tom nič nehovorili... ale [i]MALI[/i] hovoriť! Vyhlasujem tento deň za [color=#a8554c]sviatočný deň[/color]!"
dialogue.priest_cuthbert.say_pigeon_holy.text,Does that mean free [color=#a8554c]breadcrumbs[/color]?,Znamená to [color=#a8554c]omrvinky[/color] zadarmo?
dialogue.priest_cuthbert.say_no_bread.text,It means prayers! Which are better than [color=#a8554c]breadcrumbs[/color]!,Znamená to modlitby! A tie sú lepšie než [color=#a8554c]omrvinky[/color]!
dialogue.priest_cuthbert.say_pigeon_disagree.text,They are really not.,To teda vôbec nie sú.
dialogue.priest_cuthbert.say_shock.text,[shake rate=30.0 level=20]BY THE SAINTS![/shake] A [color=#a8554c]talking bird[/color]! The ancient scrolls foretold this!,[shake rate=30.0 level=20]PRI VŠETKÝCH SVÄTÝCH![/shake] [color=#a8554c]Hovoriaci vták[/color]! Starodávne zvitky to predpovedali!
dialogue.priest_cuthbert.option_scrolls.label,What scrolls?,Aké zvitky?
dialogue.priest_cuthbert.say_pigeon_scrolls.text,What scrolls? I just got here.,Aké zvitky? Ja som sem práve prišiel.
dialogue.priest_cuthbert.say_scrolls_reply.text,"The scrolls! The ones I keep behind the [color=#6b8e5e]altar[/color]! Well, it's mostly shopping lists. But one of them [i]DEFINITELY[/i] mentions a bird.","Tie zvitky! Tie, čo schovávam za [color=#6b8e5e]oltárom[/color]! Teda, väčšinou sú to nákupné zoznamy. Ale jeden z nich [i]URČITE[/i] spomína vtáka."
dialogue.priest_cuthbert.option_just_pigeon.label,I'm just a pigeon,Som len holub
dialogue.priest_cuthbert.say_pigeon_normal.text,I'm just a regular pigeon. Nothing special about me.,Som len obyčajný holub. Nič na mne nie je zvláštne.
dialogue.priest_cuthbert.say_normal_reply.text,That is [i]EXACTLY[/i] what the scroll says the divine messenger would say! Such humility!,Presne [i]TO[/i] podľa zvitku povie božský posol! Taká pokora!
dialogue.priest_cuthbert.say_prophet.text,"It is decided. You are the [color=#a8554c]feathered prophet[/color], sent to guide this village! I shall spread the word!","Je rozhodnuté. Ty si [color=#a8554c]operený prorok[/color], poslaný viesť túto dedinu! Rozhlásim to!"
dialogue.priest_cuthbert.say_pigeon_ok.text,"I was looking for [color=#a8554c]breadcrumbs[/color], but sure.","Ja som hľadal [color=#a8554c]omrvinky[/color], ale dobre."
dialogue.scarecrow_cornelius.say_friend_short.text,...You're here. Good. Now stop standing around. You're making me look lazy.,...Si tu. Dobre. A teraz tu nestoj. Ešte kvôli tebe vyzerám lenivo.
dialogue.scarecrow_cornelius.say_friend_return.text,Oh. It's you. ...Good.,Ach. To si ty. ...Dobre.
dialogue.scarecrow_cornelius.say_pigeon_friend.text,"Good to see you too, [color=#8a6ca8]Cornelius[/color].","Aj teba rád vidím, [color=#8a6ca8]Cornelius[/color]."
dialogue.scarecrow_cornelius.say_nice.text,Don't make it weird. I still don't like birds. You're just... an exception.,Nerob z toho čudnosť. Vtáky stále nemám rád. Ty si len... výnimka.
dialogue.scarecrow_cornelius.say_return_greet.text,Oh. You again. At least you haven't eaten any crops. ...Have you?,Ach. Zasa ty. Aspoň si mi nezožral úrodu. ...Však?
dialogue.scarecrow_cornelius.say_pigeon_no.text,No. Still not interested in your crops.,Nie. Tvoja úroda ma stále nezaujíma.
dialogue.scarecrow_cornelius.option_compliment.label,You're doing a great job,Robíš to skvelo
dialogue.scarecrow_cornelius.say_pigeon_good.text,I mean it. You're doing a really good job out here.,Myslím to vážne. Robíš tu naozaj dobrú prácu.
dialogue.scarecrow_cornelius.say_touched.text,I... nobody has ever said that to me. Not once. ...Thank you.,Ja... to mi ešte nikto nikdy nepovedal. Ani raz. ...Ďakujem.
dialogue.scarecrow_cornelius.option_boring.label,Isn't this boring?,Nie je to nuda?
dialogue.scarecrow_cornelius.say_pigeon_bored.text,Don't you get bored? Just standing here all day?,Nenudí ťa to? Len tu celý deň stojíš?
dialogue.scarecrow_cornelius.say_boring_reply.text,[shake rate=30.0 level=20]BORING?![/shake] Every day is life and death out here! One moment of weakness and the crows take [i]EVERYTHING[/i]!,"[shake rate=30.0 level=20]NUDA?![/shake] Každý deň je tu boj na život a na smrť! Jediná chvíľa slabosti a vrany mi vezmú [i]VŠETKO[/i]!"
dialogue.scarecrow_cornelius.option_agnes.label,Agnes told me something...,Agnes mi niečo povedala...
dialogue.scarecrow_cornelius.say_pigeon_agnes.text,[color=#8a6ca8]Agnes[/color] told me you've been standing here for thirty years. Alone.,"[color=#8a6ca8]Agnes[/color] mi povedala, že tu stojíš už tridsať rokov. Sám."
dialogue.scarecrow_cornelius.say_quiet.text,...,...
dialogue.scarecrow_cornelius.say_thirty.text,...Thirty years. Nobody's counted but her.,"...Tridsať rokov. Nikto to nepočítal, len ona."
dialogue.scarecrow_cornelius.say_pigeon_long.text,That's a long time to stand alone.,To je dlhý čas stáť tu sám.
dialogue.scarecrow_cornelius.say_it_is.text,...It is.,...To je.
dialogue.scarecrow_cornelius.say_pause.text,You're alright. [i]FOR A BIRD.[/i],Si v pohode. [i]NA VTÁKA.[/i]
dialogue.scarecrow_cornelius.option_compliment_2.label,You're doing a great job,Robíš to skvelo
dialogue.scarecrow_cornelius.say_pigeon_good_2.text,I mean it. You're doing a really good job out here.,Myslím to vážne. Robíš tu naozaj dobrú prácu.
dialogue.scarecrow_cornelius.say_touched_2.text,I... nobody has ever said that to me. Not once. ...Thank you.,Ja... to mi ešte nikto nikdy nepovedal. Ani raz. ...Ďakujem.
dialogue.scarecrow_cornelius.option_boring_2.label,Isn't this boring?,Nie je to nuda?
dialogue.scarecrow_cornelius.say_pigeon_bored_2.text,Don't you get bored? Just standing here all day?,Nenudí ťa to? Len tu celý deň stojíš?
dialogue.scarecrow_cornelius.say_boring_reply_2.text,[shake rate=30.0 level=20]BORING?![/shake] Every day is life and death out here! One moment of weakness and the crows take [i]EVERYTHING[/i]!,"[shake rate=30.0 level=20]NUDA?![/shake] Každý deň je tu boj na život a na smrť! Jediná chvíľa slabosti a vrany mi vezmú [i]VŠETKO[/i]!"
dialogue.scarecrow_cornelius.say_scream.text,[shake rate=30.0 level=20]BIRD! BIRD IN THE FIELD! THIS IS A RESTRICTED AREA! LEAVE IMMEDIATELY![/shake],[shake rate=30.0 level=20]VTÁK! VTÁK NA POLI! TOTO JE ZAKÁZANÉ ÚZEMIE! OKAMŽITE ODÍĎ![/shake]
dialogue.scarecrow_cornelius.option_pigeon.label,I'm not a crow,Nie som vrana
dialogue.scarecrow_cornelius.say_pigeon_not_crow.text,"Relax. I'm a pigeon, not a crow. I don't even like crops.","Pokoj. Som holub, nie vrana. Tvoja úroda ma ani nezaujíma."
dialogue.scarecrow_cornelius.say_all_birds.text,"[i]ALL[/i] birds are the enemy! I don't [i]DISCRIMINATE[/i]! Pigeons, crows, sparrows, ducks. [i]ALL OF THEM![/i]","[i]VŠETKY[/i] vtáky sú nepriateľ! Ja [i]NEROZLIŠUJEM[/i]! Holuby, vrany, vrabce, kačice. [i]VŠETKY![/i]"
dialogue.scarecrow_cornelius.option_peace.label,I come in peace,Prichádzam v mieri
dialogue.scarecrow_cornelius.say_pigeon_peace.text,Easy there. I come in peace. Not here for your crops.,Pokoj. Prichádzam v mieri. Nie som tu kvôli tvojej úrode.
dialogue.scarecrow_cornelius.say_sparrow.text,That's [i]EXACTLY[/i] what the last sparrow said! And then he ate a seed! [shake rate=30.0 level=20]A SEED![/shake] Right in front of me!,"Presne [i]TO[/i] povedal aj ten posledný vrabec! A potom zjedol semienko! [shake rate=30.0 level=20]SEMIENKO![/shake] Priamo predo mnou!"
dialogue.scarecrow_cornelius.say_calm.text,Fine. [i]FINE.[/i] You can stay. But I'm [i]WATCHING[/i] you. Don't touch the wheat.,Dobre. [i]DOBRE.[/i] Môžeš zostať. Ale [i]SLEDUJEM[/i] ťa. Nedotýkaj sa pšenice.
dialogue.scarecrow_cornelius.say_pigeon_ok.text,Wouldn't dream of it.,To by mi ani nenapadlo.
achievement.feathered_prophet.title,The Feathered Prophet,Operený prorok
achievement.feathered_prophet.hint,Receive a divine calling.,Prijmi božie povolanie.
achievement.sir_pigeon.title,Sir Pigeon of the Puddle,Sir Holub z Mláky
achievement.sir_pigeon.hint,Earn a noble title.,Získaj vznešený titul.
achievement.prophet_and_knight.title,Prophet and Knight,Prorok a rytier
achievement.prophet_and_knight.hint,Be both holy and noble.,Buď svätý aj urodzený.
achievement.great_haunting.title,The Great Haunting,Veľké strašenie
achievement.great_haunting.hint,Spread a spooky rumor.,Rozšír strašidelnú fámu.
achievement.unlikely_friends.title,Unlikely Friends,Nepravdepodobní priatelia
achievement.unlikely_friends.hint,Befriend someone lonely.,Spriateľ sa s niekým osamelým.
